Group Name,Group Link,Number of users,Keyword used to find group
Travel Offers,https://www.facebook.com/groups/traveloffersmodernlotus/,900,travel offer
Homo-A-Go-Go (Gay Travel Updates & Offers),https://www.facebook.com/groups/39808321973/,3432,travel offer
Jain travels offer club,https://www.facebook.com/groups/656451037782237/,900,travel offer
Travel Discounts and Offers,https://www.facebook.com/groups/traveldiscountsandoffers/,1714,travel offer
Super Offers @ Al Nada Travel Egypt,https://www.facebook.com/groups/120353151340423/,1046,travel offer
Malya Travel Offers,https://www.facebook.com/groups/420660354649949/,3276,travel offer
TRAVELING OFFERS,https://www.facebook.com/groups/eissatravel/,1099,travel offer
angels travel offers عروض اجازة نصف العام2012,https://www.facebook.com/groups/270737679650581/,534,travel offer
GREEK TRAVEL OFFERS BLOGSPOT,https://www.facebook.com/groups/greektraveloffers/,759,travel offer
Travel Gossip,https://www.facebook.com/groups/TravelGossipUK/,3327,travel
Traveller gypsy romany selling,https://www.facebook.com/groups/449018011894949/,3853,travel
Travelling with Camper Trailers,https://www.facebook.com/groups/travellingcampers/,707,travel
SAS ID Travellers,https://www.facebook.com/groups/167016733408528/,6082,travel
Travelers Rest Yard Sale,https://www.facebook.com/groups/540862945924290/,5879,travel
Travel Agency Best Practices Group,https://www.facebook.com/groups/travelagencybestpractices/,3993,travel
Travel Baseball,https://www.facebook.com/groups/TravelBaseball/,2693,travel
Travel Startups,https://www.facebook.com/groups/travel.startups.russia/,5406,travel
Travel groupe,https://www.facebook.com/groups/422655514488716/,630,travel
Travelers and Recruiters Unite!,https://www.facebook.com/groups/1510409639172237/,2199,travel
Travelling Winemakers - Living the dream!!,https://www.facebook.com/groups/2883325456/,10414,travel
Travel Agents HELPING Travel Agents,https://www.facebook.com/groups/TA.Helping.TA/,3108,travel
THE BEST traveller romany selling group,https://www.facebook.com/groups/764405070277860/,7531,travel
Travelling between Gtown and PE,https://www.facebook.com/groups/175964399156372/,2391,travel
Travel & Dine,https://www.facebook.com/groups/travelanddine/,1359,travel
Travel Nursing: Places/Rooms For Rent,https://www.facebook.com/groups/414305935358576/,4255,travel
Traveller selling page,https://www.facebook.com/groups/364582290290765/,5570,travel
Travel Fashion Girls,https://www.facebook.com/groups/travelfashiongirls/,1230,travel
Bavaria Army Wife Travelers,https://www.facebook.com/groups/armywifetravelers/,2669,travel
TRAVELS & TRACKS,https://www.facebook.com/groups/262981753825722/,1233,travel
Midori Traveler's Notebook resources,https://www.facebook.com/groups/132642456932203/,5673,travel
TravelBoxClub八大大番薯,https://www.facebook.com/groups/Travelboxclub/,1324,travel
Travelers & Photographers,https://www.facebook.com/groups/568483789950345/,758,travel
Families on the Road- Travelling Australia,https://www.facebook.com/groups/FOTR.Australia/,7919,travel
Vicenza Travel Page,https://www.facebook.com/groups/319809251363564/,2099,travel
International travelers in Vancouver,https://www.facebook.com/groups/travelers.Vancouver/,9281,travel
Northern Travellers,https://www.facebook.com/groups/443495549042664/,5620,travel
Pushchairs  Prams  Buggys & Travel Systems to Buy  Sell  Swap or Free,https://www.facebook.com/groups/272951129468345/,8121,travel
RUBS Travels,https://www.facebook.com/groups/588414057850678/,6788,travel
Nomad•ness Travel Tribe,https://www.facebook.com/groups/nomadnesstribe/,8867,travel
Closet of the Traveling Purses,https://www.facebook.com/groups/TheClosetOfTheTravelingPurses/,1063,travel
AUSTRALIAN Caravanning/Camping Travelling With Dogs,https://www.facebook.com/groups/356094021160396/,5240,travel
Feminist Explorers (feminism for travellers  nomads  and backpackers).,https://www.facebook.com/groups/807483619304081/,1175,travel
Knoxville Travel Baseball,https://www.facebook.com/groups/327820070639543/,1343,travel
Delta® Non-Rev Travel,https://www.facebook.com/groups/DeltaNonRev/,10278,travel
Horizons Unlimited Motorcycle Adventure Travellers,https://www.facebook.com/groups/thehubb/,5168,travel
Aussie Travelers Free Choice Camping,https://www.facebook.com/groups/559336130773642/,7606,travel
Vehicles for sale or wanted for conversion to living  travelling etc..,https://www.facebook.com/groups/49146634723/,5771,travel
Midori Traveler's Notebook Forum,https://www.facebook.com/groups/1583793211846120/,1441,travel
KMC Pets Training Tips & Travel Tricks,https://www.facebook.com/groups/1472299942984690/,775,travel
Auxiliares de Conversacion TRAVEL,https://www.facebook.com/groups/502833669817263/,680,travel
We Travel We Blog,https://www.facebook.com/groups/wetravelweblog/,754,travel
Motorhome building and traveling Australia,https://www.facebook.com/groups/616607108420992/,845,travel
Amarillo Foodie And Travel,https://www.facebook.com/groups/388563514619156/,845,travel
Exotic Travelers,https://www.facebook.com/groups/97349332711/,814,travel
Midori Traveler's Notebook Eye Candy,https://www.facebook.com/groups/Midorieyecandy/,1846,travel
Texada Message Board - News that travels FASTER then Texada Time.,https://www.facebook.com/groups/300620359956425/,715,travel
B6 travel tips n trips,https://www.facebook.com/groups/B6traveltips/,1612,travel
People who travel between New York and Montreal,https://www.facebook.com/groups/nymtlppl/,6624,travel
Sandals/Beaches Travelers,https://www.facebook.com/groups/133857206677703/,2028,travel
DONATELLA TRAVEL-MEGA DIANA BOAT,https://www.facebook.com/groups/13732160501/,2325,travel
Stuttgart Friends All About Travel!,https://www.facebook.com/groups/274271179341524/,1776,travel
Dinki Di Travellers - Caravan-Motorhome-Campers. Share and have fun.,https://www.facebook.com/groups/dinkidi/,876,travel
GoToTravel Business Team,https://www.facebook.com/groups/gototravel/,574,travel
ROMANY GYPSY TRAVELLER BEST SELLING PAGE,https://www.facebook.com/groups/1507824189476219/,792,travel
Calgary Flight Deals & Travel Specials VI ( YYC-6 ),https://www.facebook.com/groups/117990798228966/,10038,travel
Furniture in Travelers Rest/Greenville County,https://www.facebook.com/groups/Furniture.TR/,1921,travel
Tips for Asia Travel,https://www.facebook.com/groups/tipsforasiatravel/,1461,travel
Living in Italy-Travel Experiences,https://www.facebook.com/groups/144889008929897/,2425,travel
Healthy Eating for Active Travelers (HEAT),https://www.facebook.com/groups/HealthyEating4ActiveTravelers/,905,travel
Virginia Travel Softball Teams,https://www.facebook.com/groups/173283929368279/,686,travel
Dive Travel Adventures,https://www.facebook.com/groups/bluewaterphototravel/,939,travel
Part-Time Traveler Talk,https://www.facebook.com/groups/1433873400198768/,660,travel
Family Travel Bloggers,https://www.facebook.com/groups/208891445819642/,713,travel
I Love Travelling,https://www.facebook.com/groups/304094826419292/,767,travel
Pushchairs/pram/travel System For Sale Free Or Swap In Swindon,https://www.facebook.com/groups/628948720451247/,1155,travel
Travel,https://www.facebook.com/groups/1553494394882712/,6848,travel
Travel Bloggers,https://www.facebook.com/groups/travelbloggers/,3869,travel
Travel Nursing,https://www.facebook.com/groups/healthcarestaffing/,3468,travel
Travel Tipid,https://www.facebook.com/groups/traveltipid/,3785,travel
TRAVEL AGENTS,https://www.facebook.com/groups/19413527304/,7991,travel
Travel Caravan  Bulletin Board,https://www.facebook.com/groups/travelcaravanbulletinboard/,1737,travel
Travel Nursing 101,https://www.facebook.com/groups/20350704958/,3238,travel
Travel Buddies Malaysia,https://www.facebook.com/groups/TravelBuddiesMalaysia/,6290,travel
TravelBook～海外好きが集まるFacebookグループ～,https://www.facebook.com/groups/182333365229353/,18530,travel
travel trailer life,https://www.facebook.com/groups/341966962605112/,1053,travel
Traveling Throughout South Korea and neighboring countries,https://www.facebook.com/groups/151706248224612/,4329,travel
Travel Blogger Tales,https://www.facebook.com/groups/346027858798572/,1416,travel
Traveling Grace 4Couponing 101,https://www.facebook.com/groups/297734770416211/,798,travel
travelers and freemen of music society,https://www.facebook.com/groups/625814094167266/,3601,travel
Traveling Crafters,https://www.facebook.com/groups/1486150908290170/,1330,travel
Traveling Through History with Doctor Who,https://www.facebook.com/groups/DoctorWhoHistoryClass/,1933,travel
My Travel  邁向旅遊,https://www.facebook.com/groups/927903200557672/,4663,travel
Travel Blog Chronicles,https://www.facebook.com/groups/168808929847290/,1753,travel
Traveller-RPG,https://www.facebook.com/groups/197449257039924/,1192,travel
TRAVEL AGENT INDONESIA,https://www.facebook.com/groups/travelagent.indonesia/,11081,travel
Travel Lovers Club,https://www.facebook.com/groups/travelloversclub/,2248,travel
Travel Society - University of Nottingham,https://www.facebook.com/groups/UoN.TravelSociety/,695,travel
The Foodies & Travellers Club,https://www.facebook.com/groups/FoodiesTravellers/,2838,travel
Travel & Tour Agency Client,https://www.facebook.com/groups/184564931587454/,1853,travel
Solo Women Travelers,https://www.facebook.com/groups/solowomen/,931,travel
Matt Barrett's Greece Travel Guides,https://www.facebook.com/groups/greecetravel/,4019,travel
China Travel,https://www.facebook.com/groups/GoToChina/,8977,travel
M TRAVELER'S MEETING（Mトラベラーズミーティング）,https://www.facebook.com/groups/mtravelers/,1103,travel
Nueva Ecija Travelers-Worldwide (NET-World),https://www.facebook.com/groups/373084686199203/,508,travel
Kaki Travel Malaysia,https://www.facebook.com/groups/748140701910087/,5319,travel
UPDATE INFO BISNIS ONLINE  KONVENSIONAL  WIRASWASTA DAN INFO TRAVELLING,https://www.facebook.com/groups/monkeybusiness21/,13147,travel
NOMADS - a place where travelers share tips and stories,https://www.facebook.com/groups/NOMAD.LIFE/,5114,travel
Square One/Buddhist Travelers,https://www.facebook.com/groups/641241679302998/,5504,travel
PanAmerican Travelers: Past  Present and Future,https://www.facebook.com/groups/panamtravelers/,1243,travel
SuperBreak for Travel Agents,https://www.facebook.com/groups/superbreak.travelagents/,1736,travel
Nairobi Expats Travel,https://www.facebook.com/groups/244696215663981/,4631,travel
UNITED New Pass Travel Policies  Retirees - v- Actives,https://www.facebook.com/groups/325779114152593/,7342,travel
ES Travel Group,https://www.facebook.com/groups/civicestravelgroup/,869,travel
Riders & Travellers,https://www.facebook.com/groups/riders.Travellers/,7021,travel
FELLOW TRAVELERS  Support and Chat  ( FMS CFS/ME),https://www.facebook.com/groups/Fellow.Travelers/,2374,travel
FACEBOOK Travel-Tourism,https://www.facebook.com/groups/715478748510945/,8335,travel
MEESUK Travel & Tours,https://www.facebook.com/groups/101895146594642/,3005,travel
Les travelers,https://www.facebook.com/groups/243121052372355/,1738,travel
MALAYSIAN TRAVELERS FORUM,https://www.facebook.com/groups/MalaysianTravellersForum/,4506,travel
Berlin | Girl Gone International | Travel & Expat,https://www.facebook.com/groups/199683023546818/,1115,travel
Mongolian ATV Travellers,https://www.facebook.com/groups/416838558438953/,684,travel
Prams  Pushchairs & Travel Systems (Aylesbury & Surrounding Areas),https://www.facebook.com/groups/348327975225032/,3702,travel
各地旅遊怪靚正相片分享區 / Travel snapshots sharing page,https://www.facebook.com/groups/138242726314840/,5756,travel
Second Chance Rescue & Travel 4 Paws,https://www.facebook.com/groups/560171567426806/,1065,travel
Marietta & Travelers Rest Yard Sales..,https://www.facebook.com/groups/mariettayardsale/,2160,travel
Scamp Travel Trailers,https://www.facebook.com/groups/65069691760/,1147,travel
Adventures In Travel Nursing,https://www.facebook.com/groups/660173740739751/,623,travel
Japan Travel  Friendly Discussion Group,https://www.facebook.com/groups/2307368624/,10184,travel
Deaf Must Go to travel around in the world..!,https://www.facebook.com/groups/919325884748795/,2388,travel
{বেচা কেনা শুধু  সিলেট}আর visit করে আসুন সিলেটের PARADISE TRAVEL & TOUR"S এ,https://www.facebook.com/groups/756354191073208/,8386,travel
ForBlackWomenONLY Travel Group,https://www.facebook.com/groups/385551121552975/,1691,travel
Toronto Flight Deals & Travel Specials,https://www.facebook.com/groups/yyzdeals/,16172,travel
Girls Travel Club Malaysia (GTCM),https://www.facebook.com/groups/girlstravelclubmalaysia/,2026,travel
Easley  Travelers Rest  Greer areas A REAL POST WHATEVER YOU WANT SITE,https://www.facebook.com/groups/380536512080793/,1633,travel
Lawyer's Flirt & Travel,https://www.facebook.com/groups/1453665768182200/,1109,travel
Friends of Travel Times,https://www.facebook.com/groups/53718333187/,5587,travel
South Borneo Travellers,https://www.facebook.com/groups/SBTraveller/,1664,travel
Ohio Campers  RV's & Travel Trailers for sale,https://www.facebook.com/groups/681743925241337/,2062,travel
Info Travelling,https://www.facebook.com/groups/215519488628510/,7523,travel
Air travel quest,https://www.facebook.com/groups/342041299141722/,956,travel
The Best Travel Groups,https://www.facebook.com/groups/828724077151922/,1019,travel
RV Life - Recreational Vehicles  Motorhomes  5 Wheels  Travel Trailers,https://www.facebook.com/groups/154449164722671/,7841,travel
سفر روح Soul travel,https://www.facebook.com/groups/519559068179340/,2655,travel
ODD BALL TRAVEL GROUP,https://www.facebook.com/groups/ODDBALLTRAVELGROUP/,687,travel
Food for Traveler (Pemburu Makanan Enak),https://www.facebook.com/groups/1403145289923523/,5035,travel
九州旅游家 We Are N9 Traveller,https://www.facebook.com/groups/n9traveller/,9102,travel
Dutch Time Travellers Association group,https://www.facebook.com/groups/dutchdoctorwho/,574,travel
Coral Travel [ Professional ],https://www.facebook.com/groups/coralprofessional/,1875,travel
TRAVEL DEALS,https://www.facebook.com/groups/804818766247309/,4080,travel
Travel within World,https://www.facebook.com/groups/nepalbeginner/,8559,travel
Travel Photography Community,https://www.facebook.com/groups/455978111210624/,2595,travel
Travel Deals India,https://www.facebook.com/groups/BestTravelDealsIndia/,9679,travel
Travel Worldwide,https://www.facebook.com/groups/138597226329219/,10344,travel
Travel and Tourism,https://www.facebook.com/groups/bhhgroup/,11519,travel
Travellers,https://www.facebook.com/groups/401212650031398/,14610,travel
TRAVEL WORLD (ভ্রমনের দুনিয়া),https://www.facebook.com/groups/travelworld.vromonerduniya/,4713,travel
Travel & Tours,https://www.facebook.com/groups/travelandtoursworld/,6887,travel
travel trailers for sale in SETX,https://www.facebook.com/groups/519985591461160/,1795,travel
Travel Chhuti kolkata.,https://www.facebook.com/groups/travelchhutikolkata/,2998,travel
Travel & Photography,https://www.facebook.com/groups/555353027886820/,2336,travel
Travelers of Dhaka,https://www.facebook.com/groups/travelersofdhaka/,7645,travel
TravelGLAM CLUB Malaysia,https://www.facebook.com/groups/498568956827361/,9176,travel
Travel Philippines FriendsCare Global Alliance,https://www.facebook.com/groups/TraveltoPhilipppines/,5268,travel
traveling around australia in a bus/ motorhome,https://www.facebook.com/groups/1425261721030283/,635,travel
TravelStar,https://www.facebook.com/groups/574602259322900/,3014,travel
Bangladeshi Traveler (Banglar Traveler),https://www.facebook.com/groups/bangladeshitraveler/,9336,travel
Travel Deals : Grab Best Travel Deals   Holidays packages,https://www.facebook.com/groups/traveldealbox/,4744,travel
Travel by train photos and stories,https://www.facebook.com/groups/334815269955182/,1908,travel
Traveling family,https://www.facebook.com/groups/travelingfamilyragesallnite/,3373,travel
Traveler's Eye Bangladesh,https://www.facebook.com/groups/travelerseyebd/,1607,travel
Travellers Thailand,https://www.facebook.com/groups/252093201506494/,2051,travel
TRAVEL AGENT VIETNAM,https://www.facebook.com/groups/travelagentvietnam/,7952,travel
Love Travel::,https://www.facebook.com/groups/675768909165794/,7924,travel
TRAVEL THE WORLD,https://www.facebook.com/groups/U2CANTRAVEL4FUN/,2415,travel
Traveling Inspectors,https://www.facebook.com/groups/509516339153557/,779,travel
Trip to Hidden Paradise #Indonesia  (Travel Assistance),https://www.facebook.com/groups/TRIPTOHIDDENPARADISE/,1613,travel
БАЛКАН ЕКСПРЕС ТРАВЕЛ СКОПЈЕ - Вашиот водич низ соништата...,https://www.facebook.com/groups/612893805487090/,10319,travel
Au pairs traveling in USA 2013-2014,https://www.facebook.com/groups/348352545218490/,4317,travel
NamLifts - Travel with Friends,https://www.facebook.com/groups/namlifts/,11104,travel
트래블스쿨 (Travel School),https://www.facebook.com/groups/travelschool/,10655,travel
LETG (Lesbian Events & Travel Group),https://www.facebook.com/groups/305060622924788/,14615,travel
BILLIONAIRES CLUB~ Luxury Art  Painting  Travel  Home  Car  Yacht  Fashion,https://www.facebook.com/groups/274000549442012/,2671,travel
Vladimir Travel,https://www.facebook.com/groups/287238188145/,1231,travel
KPK TRAVEL AGENTS,https://www.facebook.com/groups/171716849575872/,3508,travel
Sidecar-Traveller-Club,https://www.facebook.com/groups/204572376255477/,1685,travel
crusty travellers ,https://www.facebook.com/groups/79465155306/,3589,travel
一人旅好き/旅行好き全員集合！/Come travel lovers!,https://www.facebook.com/groups/tabizuki.zeninsyuugou/,1831,travel
Vintage Travel Trailer Enthusiasts,https://www.facebook.com/groups/49439816811/,4062,travel
Weekend Travellers,https://www.facebook.com/groups/246352208720992/,8241,travel
Gypsy  Roma and Traveller News Stories,https://www.facebook.com/groups/134548766620609/,4030,travel
NRI's Travelling To India & Beyond,https://www.facebook.com/groups/412193688882822/,3357,travel
Coral Travel Ukraine [ Professional ],https://www.facebook.com/groups/coralprofessionalua/,642,travel
TANNA TOURS AND TRAVELS,https://www.facebook.com/groups/385686074837071/,7537,travel
Cambodia Travel,https://www.facebook.com/groups/636953466391431/,14955,travel
vegan reisen | vegan traveling,https://www.facebook.com/groups/veganreisen.vegantraveling/,4211,travel
Go Travel,https://www.facebook.com/groups/gotravel.pk/,10087,travel
แก๊งค์เที่ยวสะดุดตา (Sadoodta Travel Gang),https://www.facebook.com/groups/SadoodtaTravelGang/,9260,travel
KPK TRAVELS AGENTS,https://www.facebook.com/groups/265257760306760/,2635,travel
Турист. Весь мир. Tourism. Travel. Around World,https://www.facebook.com/groups/tour.kz/,972,travel
Gay Travel ,https://www.facebook.com/groups/6199569341/,12158,travel
Filipino Travel Photography,https://www.facebook.com/groups/filipinotravelphotography/,9300,travel
Photographers & Travelers,https://www.facebook.com/groups/travel.one/,3975,travel
Urban Travel Europe,https://www.facebook.com/groups/urbantraveleurope/,3873,travel
India Tour and Travels,https://www.facebook.com/groups/307614402774249/,2755,travel
SakaryaTravel,https://www.facebook.com/groups/255906351118411/,4070,travel
1970's travel trailers and campers,https://www.facebook.com/groups/1970straveltrailersandcampers/,1875,travel
Culinary Travel by Jonell Galloway  The Rambling Epicure,https://www.facebook.com/groups/114625085413936/,1395,travel
Penang Travel Tips,https://www.facebook.com/groups/penangtraveltips/,11364,travel
Mr Pinky the Travelling Cat!,https://www.facebook.com/groups/mrpinkycat/,2560,travel
Tour Mate Adventure & Travels,https://www.facebook.com/groups/1470055963275887/,1730,travel
SWOT's Guide to International GHQ of Travel & Tours,https://www.facebook.com/groups/intlghqoftravel/,2253,travel
Singles Travel Group,https://www.facebook.com/groups/singlestravels/,2984,travel
XTC ( X-stream Traveling Community ),https://www.facebook.com/groups/282331751933734/,7220,travel
LT Traveler Team,https://www.facebook.com/groups/Lttravelerteam/,3753,travel
Food And Travel,https://www.facebook.com/groups/602128603198116/,7108,travel
Laurito'S travel...,https://www.facebook.com/groups/293211650808160/,3797,travel
CULTURE & ETHNIC TOURISM TRAVEL,https://www.facebook.com/groups/678418565608462/,865,travel
DiveGuide.com - Dive Travel and Scuba Diving Information,https://www.facebook.com/groups/202937333015/,6310,travel
Vancouver Flight Deals & Travel Specials II ( YVR-2 ),https://www.facebook.com/groups/153440611357167/,18774,travel
Golden Travel Armenia,https://www.facebook.com/groups/goldentravelarmenia/,3898,travel
MexicoBudgetTravel,https://www.facebook.com/groups/338385549622490/,2755,travel
FB ASSOCIATION OF TRAVEL AGENTS,https://www.facebook.com/groups/taaig/,11746,travel
Gudang Fashion  Kosmetik & Travelling,https://www.facebook.com/groups/gudantraveling/,2010,travel
Tawaf e Makkah Travel & Tours,https://www.facebook.com/groups/tawafemakkah/,6152,travel
Komunitas Travel Agent,https://www.facebook.com/groups/Komunitastravelagent/,5959,travel
BANJARMASIN TRAVELER,https://www.facebook.com/groups/113842815354260/,1626,travel
The Marvels of Travel,https://www.facebook.com/groups/themarvelsoftravel/,587,travel
I am a traveler,https://www.facebook.com/groups/338162006345068/,1892,travel
PURITA TOURS & TRAVEL WORLD WIDE,https://www.facebook.com/groups/Puritageneralbisnisworldwide/,4557,travel
VIAGGIARE. (TRAVELLING),https://www.facebook.com/groups/viaggiare.travelling/,952,travel
University of Essex Travel Society (UET),https://www.facebook.com/groups/essextravel/,730,travel
Exotic Travel Destinations,https://www.facebook.com/groups/1384900888439878/,3353,travel destinations
Travel and Destination,https://www.facebook.com/groups/travelanddestination/,3473,travel destinations
Destination Experts ~Travel Agent Renee Winsor~,https://www.facebook.com/groups/ReneeWinsortravelagentwithTheDestinationExperts/,1709,travel destinations
Travel Destination Nepal,https://www.facebook.com/groups/TravelDestinationNepal/,3747,travel destinations
Travel & Wedding Destinations,https://www.facebook.com/groups/926124367401790/,660,travel destinations
We Love Travel Guides - Worldwide Travel Destinations,https://www.facebook.com/groups/welovetravelguides/,840,travel destinations
" Destinations in the world that are amazing - For travel lovers",https://www.facebook.com/groups/237146819715472/,634,travel destinations
Share: Tours  Travel  Holidays  Safaris and Vacation destinations,https://www.facebook.com/groups/eastafricasafaris/,1492,travel destinations
Georgia as a Travel Destination,https://www.facebook.com/groups/GeorgiaTravel/,701,travel destinations
DEVYANI'S DESTINATION DOT COM ( Travels ),https://www.facebook.com/groups/228897047282594/,1556,travel destinations
Sumba Travel Destination,https://www.facebook.com/groups/290451221136672/,732,travel destinations
Destination Experts- ~*Travel Agent Kayla Gavin*~,https://www.facebook.com/groups/137235686415943/,887,travel destinations
The Destination Experts *Travel Agent Stephanie Oxford*,https://www.facebook.com/groups/545669048791503/,516,travel destinations
Travel Agency,https://www.facebook.com/groups/128621617285395/,720,travel agency
Fox2Jones Travel Agency,https://www.facebook.com/groups/fox2jones/,1716,travel agency
Jordan Travel Agencies,https://www.facebook.com/groups/jordantravel/,2161,travel agency
MI CAMINO Travel Agency,https://www.facebook.com/groups/micamino/,3285,travel agency
Travere Travel Agency,https://www.facebook.com/groups/Travere/,1927,travel agency
monu technical institute and gulf travel agency Gopalganj,https://www.facebook.com/groups/183602781838946/,6316,travel agency
DEPARTURE TRAVEL AGENCY KHARTOUM,https://www.facebook.com/groups/847167361994531/,809,travel agency
TINY AKROPOL TRAVEL AGENCY,https://www.facebook.com/groups/77656849817/,626,travel agency
HOTEL TRAVEL AGENCIES,https://www.facebook.com/groups/1451478891778900/,1332,travel agency
asemane por setareh travel agency,https://www.facebook.com/groups/120624384716529/,3641,travel agency
A&S TRAVEL AGENCY,https://www.facebook.com/groups/231928890194899/,672,travel agency
SiViaggia - Travel agency,https://www.facebook.com/groups/94704193199/,757,travel agency
Kosmopolit - travel agency,https://www.facebook.com/groups/47178979266/,4213,travel agency
Cosmo Vacation Travel Agency,https://www.facebook.com/groups/cosmovacation/,7937,travel agency
Les voyages de l'agence BASTA travel,https://www.facebook.com/groups/bastatravel/,1524,travel agency
Club de Viajeros de Boqueron Travel Agency,https://www.facebook.com/groups/494838890599014/,664,travel agency
Ati Tour & Travel Agency  Lufthansa City Center,https://www.facebook.com/groups/atilcc/,1967,travel agency
Atron Travel Agency,https://www.facebook.com/groups/337843796233785/,2484,travel agency
Vacanta Mare.MD  World Travel & Tourism Agency,https://www.facebook.com/groups/619623311463520/,1438,travel agency
Nami group travel agency,https://www.facebook.com/groups/212717418789416/,4285,travel agency
Ecotour Travel Agency,https://www.facebook.com/groups/569356206459617/,2449,travel agency
Click4Trip Travel Agency,https://www.facebook.com/groups/243686999147929/,2635,travel agency
SUMMIT TRAVEL AGENCY DURMITOR,https://www.facebook.com/groups/753013471387338/,1177,travel agency
No Limits Travel Agency,https://www.facebook.com/groups/5506909147/,1576,travel agency
ALL ABOUT PERU  Tour Operators  Travel Agencies  Hotels  Hostel  Restaurant,https://www.facebook.com/groups/162982340438936/,2099,travel agency
